Image_Name,Tags
Celeb_45-FaceId-0,Celeb_4
Celeb_415-FaceId-0,Celeb_4
Celeb_412-FaceId-0,Celeb_4
Celeb_42-FaceId-0,Celeb_4
Celeb_419-FaceId-0,Celeb_4
Celeb_41-FaceId-0,Celeb_4
Celeb_43-FaceId-0,Celeb_4
Celeb_421-FaceId-0,Celeb_4
Celeb_46-FaceId-0,Celeb_4
Celeb_49-FaceId-0,Celeb_4
Celeb_413-FaceId-0,Celeb_4
Celeb_44-FaceId-0,Celeb_4
Celeb_420-FaceId-0,Celeb_4
Celeb_422-FaceId-0,Celeb_4
Celeb_48-FaceId-0,Celeb_4
Celeb_418-FaceId-0,Celeb_4
Celeb_414-FaceId-0,Celeb_4
Celeb_40-FaceId-0,Celeb_4
Celeb_416-FaceId-0,Celeb_4
Celeb_417-FaceId-0,Celeb_4
Celeb_510-FaceId-0,Celeb_5
Celeb_514-FaceId-0,Celeb_5
Celeb_58-FaceId-0,Celeb_5
Celeb_516-FaceId-0,Celeb_5
Celeb_51-FaceId-0,Celeb_5
Celeb_59-FaceId-0,Celeb_5
Celeb_57-FaceId-0,Celeb_5
Celeb_53-FaceId-0,Celeb_5
Celeb_515-FaceId-0,Celeb_5
Celeb_517-FaceId-0,Celeb_5
Celeb_518-FaceId-0,Celeb_5
Celeb_54-FaceId-0,Celeb_5
Celeb_55-FaceId-0,Celeb_5
Celeb_56-FaceId-0,Celeb_5
Celeb_513-FaceId-0,Celeb_5
Celeb_519-FaceId-0,Celeb_5
Celeb_511-FaceId-0,Celeb_5
Celeb_512-FaceId-0,Celeb_5
Celeb_50-FaceId-0,Celeb_5
Celeb_52-FaceId-0,Celeb_5
Celeb_1011-FaceId-0,Celeb_10
Celeb_1012-FaceId-1,Celeb_10
Celeb_1012-FaceId-0,Celeb_10
Celeb_1013-FaceId-0,Celeb_10
Celeb_105-FaceId-0,Celeb_10
Celeb_1010-FaceId-0,Celeb_10
Celeb_108-FaceId-0,Celeb_10
Celeb_1018-FaceId-0,Celeb_10
Celeb_1019-FaceId-0,Celeb_10
Celeb_1016-FaceId-0,Celeb_10
Celeb_106-FaceId-0,Celeb_10
Celeb_103-FaceId-0,Celeb_10
Celeb_109-FaceId-0,Celeb_10
Celeb_1014-FaceId-0,Celeb_10
Celeb_101-FaceId-0,Celeb_10
Celeb_1020-FaceId-0,Celeb_10
Celeb_104-FaceId-0,Celeb_10
Celeb_1017-FaceId-0,Celeb_10
Celeb_107-FaceId-0,Celeb_10
Celeb_102-FaceId-0,Celeb_10
Celeb_818-FaceId-0,Celeb_8
Celeb_85-FaceId-0,Celeb_8
Celeb_819-FaceId-0,Celeb_8
Celeb_820-FaceId-0,Celeb_8
Celeb_82-FaceId-0,Celeb_8
Celeb_817-FaceId-1,Celeb_8
Celeb_81-FaceId-0,Celeb_8
Celeb_87-FaceId-0,Celeb_8
Celeb_811-FaceId-0,Celeb_8
Celeb_88-FaceId-0,Celeb_8
Celeb_816-FaceId-0,Celeb_8
Celeb_812-FaceId-0,Celeb_8
Celeb_814-FaceId-0,Celeb_8
Celeb_822-FaceId-0,Celeb_8
Celeb_817-FaceId-0,Celeb_8
Celeb_89-FaceId-0,Celeb_8
Celeb_84-FaceId-0,Celeb_8
Celeb_86-FaceId-0,Celeb_8
Celeb_80-FaceId-0,Celeb_8
Celeb_83-FaceId-0,Celeb_8
Celeb_18-FaceId-0,Celeb_1
Celeb_19-FaceId-0,Celeb_1
Celeb_113-FaceId-0,Celeb_1
Celeb_112-FaceId-0,Celeb_1
Celeb_118-FaceId-0,Celeb_1
Celeb_13-FaceId-0,Celeb_1
Celeb_10-FaceId-0,Celeb_1
Celeb_12-FaceId-0,Celeb_1
Celeb_14-FaceId-0,Celeb_1
Celeb_116-FaceId-0,Celeb_1
Celeb_117-FaceId-0,Celeb_1
Celeb_114-FaceId-0,Celeb_1
Celeb_17-FaceId-0,Celeb_1
Celeb_15-FaceId-0,Celeb_1
Celeb_111-FaceId-0,Celeb_1
Celeb_119-FaceId-0,Celeb_1
Celeb_11-FaceId-0,Celeb_1
Celeb_110-FaceId-0,Celeb_1
Celeb_16-FaceId-0,Celeb_1
Celeb_115-FaceId-0,Celeb_1
Celeb_63-FaceId-0,Celeb_6
Celeb_619-FaceId-0,Celeb_6
Celeb_62-FaceId-0,Celeb_6
Celeb_616-FaceId-0,Celeb_6
Celeb_614-FaceId-0,Celeb_6
Celeb_61-FaceId-0,Celeb_6
Celeb_612-FaceId-0,Celeb_6
Celeb_613-FaceId-0,Celeb_6
Celeb_69-FaceId-0,Celeb_6
Celeb_66-FaceId-0,Celeb_6
Celeb_67-FaceId-0,Celeb_6
Celeb_65-FaceId-0,Celeb_6
Celeb_611-FaceId-0,Celeb_6
Celeb_618-FaceId-0,Celeb_6
Celeb_615-FaceId-0,Celeb_6
Celeb_617-FaceId-0,Celeb_6
Celeb_68-FaceId-0,Celeb_6
Celeb_620-FaceId-0,Celeb_6
Celeb_64-FaceId-0,Celeb_6
Celeb_60-FaceId-0,Celeb_6
Celeb_919-FaceId-0,Celeb_9
Celeb_93-FaceId-0,Celeb_9
Celeb_914-FaceId-0,Celeb_9
Celeb_927-FaceId-0,Celeb_9
Celeb_99-FaceId-0,Celeb_9
Celeb_94-FaceId-0,Celeb_9
Celeb_910-FaceId-0,Celeb_9
Celeb_98-FaceId-0,Celeb_9
Celeb_90-FaceId-0,Celeb_9
Celeb_92-FaceId-0,Celeb_9
Celeb_915-FaceId-0,Celeb_9
Celeb_916-FaceId-0,Celeb_9
Celeb_923-FaceId-0,Celeb_9
Celeb_912-FaceId-0,Celeb_9
Celeb_95-FaceId-0,Celeb_9
Celeb_913-FaceId-0,Celeb_9
Celeb_91-FaceId-0,Celeb_9
Celeb_96-FaceId-0,Celeb_9
Celeb_97-FaceId-0,Celeb_9
Celeb_911-FaceId-0,Celeb_9
Celeb_210-FaceId-0,Celeb_2
Celeb_211-FaceId-0,Celeb_2
Celeb_28-FaceId-0,Celeb_2
Celeb_219-FaceId-0,Celeb_2
Celeb_24-FaceId-0,Celeb_2
Celeb_214-FaceId-0,Celeb_2
Celeb_221-FaceId-0,Celeb_2
Celeb_25-FaceId-0,Celeb_2
Celeb_217-FaceId-0,Celeb_2
Celeb_22-FaceId-0,Celeb_2
Celeb_26-FaceId-0,Celeb_2
Celeb_21-FaceId-0,Celeb_2
Celeb_20-FaceId-0,Celeb_2
Celeb_216-FaceId-0,Celeb_2
Celeb_23-FaceId-0,Celeb_2
Celeb_213-FaceId-0,Celeb_2
Celeb_29-FaceId-0,Celeb_2
Celeb_215-FaceId-0,Celeb_2
Celeb_212-FaceId-0,Celeb_2
Celeb_33-FaceId-0,Celeb_3
Celeb_37-FaceId-0,Celeb_3
Celeb_316-FaceId-0,Celeb_3
Celeb_317-FaceId-0,Celeb_3
Celeb_32-FaceId-0,Celeb_3
Celeb_320-FaceId-0,Celeb_3
Celeb_30-FaceId-0,Celeb_3
Celeb_312-FaceId-0,Celeb_3
Celeb_311-FaceId-0,Celeb_3
Celeb_35-FaceId-0,Celeb_3
Celeb_313-FaceId-0,Celeb_3
Celeb_34-FaceId-0,Celeb_3
Celeb_315-FaceId-0,Celeb_3
Celeb_318-FaceId-0,Celeb_3
Celeb_319-FaceId-0,Celeb_3
Celeb_314-FaceId-0,Celeb_3
Celeb_38-FaceId-0,Celeb_3
Celeb_39-FaceId-0,Celeb_3
Celeb_310-FaceId-0,Celeb_3
Celeb_31-FaceId-0,Celeb_3
Celeb_710-FaceId-0,Celeb_7
Celeb_721-FaceId-0,Celeb_7
Celeb_711-FaceId-0,Celeb_7
Celeb_76-FaceId-0,Celeb_7
Celeb_713-FaceId-0,Celeb_7
Celeb_727-FaceId-0,Celeb_7
Celeb_717-FaceId-0,Celeb_7
Celeb_726-FaceId-0,Celeb_7
Celeb_716-FaceId-0,Celeb_7
Celeb_712-FaceId-0,Celeb_7
Celeb_718-FaceId-0,Celeb_7
Celeb_730-FaceId-0,Celeb_7
Celeb_77-FaceId-0,Celeb_7
Celeb_79-FaceId-0,Celeb_7
Celeb_714-FaceId-0,Celeb_7
Celeb_723-FaceId-0,Celeb_7
Celeb_722-FaceId-0,Celeb_7
Celeb_78-FaceId-0,Celeb_7
Celeb_75-FaceId-0,Celeb_7
Celeb_729-FaceId-0,Celeb_7
